Workbook

Sheet Liste_des_taches
A1: Ligne | B1: Catégorie | C1: Module | D1: Nom page | E1: Description | F1: Type | G1: Estimation (min) | H1: Temps passé | I1: Reste à faire | J1: Avancement | K1: Qui | L1: Status | M1: Priorité
A2: 1 | B2: Git | C2: Setup | D2: Repository | E2: Créer le repository Git pour le projet | F2: Configuration | G2: 15 | H2: 0 | I2: 15 | J2: =IF(G2>0,H2/G2,0) -> 0 | K2: Windy | L2: À faire | M2: Haute
A3: 2 | B3: Git | C3: Setup | D3: GitHub Desktop | E3: Installer et configurer GitHub Desktop | F3: Configuration | G3: 20 | H3: 0 | I3: 20 | J3: =IF(G3>0,H3/G3,0) -> 0 | K3: Windy | L3: À faire | M3: Haute
A4: 3 | B4: Git | C4: Setup | D4: .gitignore | E4: Créer le fichier .gitignore approprié | F4: Configuration | G4: 10 | H4: 0 | I4: 10 | J4: =IF(G4>0,H4/G4,0) -> 0 | K4: Windy | L4: À faire | M4: Moyenne
A5: 4 | B5: Git | C5: Workflow | D5: Commits | E5: Faire des commits réguliers pendant le développement | F5: Pratique | G5: 30 | H5: 0 | I5: 30 | J5: =IF(G5>0,H5/G5,0) -> 0 | K5: Windy | L5: À faire | M5: Haute
A6: 5 | B6: Database | C6: Mysql | D6: Schema | E6: Créer le schéma de base de données | F6: SQL | G6: 45 | H6: 0 | I6: 45 | J6: =IF(G6>0,H6/G6,0) -> 0 | K6: Natanaela | L6: À faire | M6: Haute
A7: 6 | B7: Database | C7: Mysql | D7: Tables | E7: Créer les tables (villes, sinistrés, besoins, dons) | F7: SQL | G7: 60 | H7: 0 | I7: 60 | J7: =IF(G7>0,H7/G7,0) -> 0 | K7: Natanaela | L7: À faire | M7: Haute
A8: 7 | B8: Database | C8: Mysql | D8: Triggers | E8: Implémenter les triggers nécessaires | F8: SQL | G8: 40 | H8: 0 | I8: 40 | J8: =IF(G8>0,H8/G8,0) -> 0 | K8: Natanaela | L8: À faire | M8: Moyenne
A9: 8 | B9: Database | C9: Mysql | D9: Functions | E9: Créer les fonctions PostgreSQL | F9: SQL | G9: 50 | H9: 0 | I9: 50 | J9: =IF(G9>0,H9/G9,0) -> 0 | K9: Natanaela | L9: À faire | M9: Moyenne
A10: 9 | B10: Database | C10: Mysql | D10: Procédures | E10: Implémenter les procédures stockées | F10: SQL | G10: 50 | H10: 0 | I10: 50 | J10: =IF(G10>0,H10/G10,0) -> 0 | K10: Natanaela | L10: À faire | M10: Moyenne
A11: 10 | B11: Database | C11: Mysql | D11: Données test | E11: Insérer des données de test | F11: SQL | G11: 30 | H11: 0 | I11: 30 | J11: =IF(G11>0,H11/G11,0) -> 0 | K11: Natanaela | L11: À faire | M11: Moyenne
A12: 11 | B12: Backend | C12: FlightPHP | D12: Installation | E12: Installer FlightPHP via Composer | F12: Setup | G12: 15 | H12: 0 | I12: 15 | J12: =IF(G12>0,H12/G12,0) -> 0 | K12: Windy | L12: À faire | M12: Haute
A13: 12 | B13: Backend | C13: FlightPHP | D13: Structure MVC | E13: Créer la structure MVC (Models/Views/Controllers) | F13: Architecture | G13: 30 | H13: 0 | I13: 30 | J13: =IF(G13>0,H13/G13,0) -> 0 | K13: Windy | L13: À faire | M13: Haute
... A31: 30 | B31: Frontend | C31: Pages | D31: Résultats | E31: Page d'affichage des résultats dispatch | F31: HTML/Bootstrap | G31: 50 | H31: 0 | I31: 50 | J31: =IF(G31>0,H31/G31,0) -> 0 | K31: Natanaela | L31: À faire | M31: Moyenne
A32: 31 | B32: Fonctionnalités | C32: Core | D32: Algorithme Dispatch | E32: Implémenter l'algorithme de dispatch par date | F32: Code | G32: 90 | H32: 0 | I32: 90 | J32: =IF(G32>0,H32/G32,0) -> 0 | K32: 3 | L32: À faire | M32: Haute
A33: 32 | B33: Fonctionnalités | C33: Core | D33: Calcul Prix | E33: Gérer les calculs de prix unitaires | F33: Code | G33: 30 | H33: 0 | I33: 30 | J33: =IF(G33>0,H33/G33,0) -> 0 | K33: 3 | L33: À faire | M33: Haute
A34: 33 | B34: Fonctionnalités | C34: Core | D34: Attribution | E34: Système d'attribution dons aux villes | F34: Code | G34: 60 | H34: 0 | I34: 60 | J34: =IF(G34>0,H34/G34,0) -> 0 | K34: 3 | L34: À faire | M34: Haute
A35: 34 | B35: Fonctionnalités | C35: Affichage | D35: Tableaux données | E35: Afficher les données dans des tableaux Bootstrap | F35: Code | G35: 40 | H35: 0 | I35: 40 | J35: =IF(G35>0,H35/G35,0) -> 0 | K35: 3 | L35: À faire | M35: Moyenne
A36: 35 | B36: Fonctionnalités | C36: Validation | D36: Formulaires | E36: Validation des formulaires côté client et serveur | F36: Code | G36: 45 | H36: 0 | I36: 45 | J36: =IF(G36>0,H36/G36,0) -> 0 | K36: 3 | L36: À faire | M36: Moyenne
A37: 36 | B37: Tests | C37: Fonctionnels | D37: Tests saisie | E37: Tester la saisie des besoins et dons | F37: Test | G37: 30 | H37: 0 | I37: 30 | J37: =IF(G37>0,H37/G37,0) -> 0 | K37: 3 | L37: À faire | M37: Moyenne
A38: 37 | B38: Tests | C38: Fonctionnels | D38: Tests dispatch | E38: Tester l'algorithme de dispatch | F38: Test | G38: 40 | H38: 0 | I38: 40 | J38: =IF(G38>0,H38/G38,0) -> 0 | K38: RAKOTO | L38: À faire | M38: Haute
A39: 38 | B39: Tests | C39: Fonctionnels | D39: Tests affichage | E39: Tester l'affichage des résultats | F39: Test | G39: 25 | H39: 0 | I39: 25 | J39: =IF(G39>0,H39/G39,0) -> 0 | K39: RASOA | L39: À faire | M39: Moyenne
A40: 39 | B40: Tests | C40: Intégration | D40: Tests complets | E40: Tests end-to-end de l'application | F40: Test | G40: 50 | H40: 0 | I40: 50 | J40: =IF(G40>0,H40/G40,0) -> 0 | K40: RAKOTO | L40: À faire | M40: Haute
A41: 40 | B41: Documentation | C41: README | D41: README.md | E41: Rédiger le README du projet | F41: Documentation | G41: 30 | H41: 0 | I41: 30 | J41: =IF(G41>0,H41/G41,0) -> 0 | K41: RASOA | L41: À faire | M41: Moyenne
A42: 41 | B42: Documentation | C42: Code | D42: Commentaires | E42: Commenter le code important | F42: Documentation | G42: 45 | H42: 0 | I42: 45 | J42: =IF(G42>0,H42/G42,0) -> 0 | K42: RAKOTO | L42: À faire | M42: Basse
A43: 42 | B43: Documentation | C43: Base | D43: Schéma BD | E43: Documenter le schéma de base de données | F43: Documentation | G43: 25 | H43: 0 | I43: 25 | J43: =IF(G43>0,H43/G43,0) -> 0 | K43: RASOA | L43: À faire | M43: Moyenne
A44: 43 | B44: Finalisation | C44: Design | D44: CSS Custom | E44: Ajuster le design avec CSS personnalisé | F44: CSS | G44: 40 | H44: 0 | I44: 40 | J44: =IF(G44>0,H44/G44,0) -> 0 | K44: 3 | L44: À faire | M44: Basse
A45: 44 | B45: Finalisation | C45: Review | D45: Code Review | E45: Revoir et nettoyer le code | F45: Révision | G45: 45 | H45: 0 | I45: 45 | J45: =IF(G45>0,H45/G45,0) -> 0 | K45: 3 | L45: À faire | M45: Moyenne
A46: 45 | B46: Finalisation | C46: Deployment | D46: Préparation | E46: Préparer pour la présentation | F46: Setup | G46: 30 | H46: 0 | I46: 30 | J46: =IF(G46>0,H46/G46,0) -> 0 | K46: 3 | L46: À faire | M46: Haute

Sheet Avancement_projet
A1: Estimation total | B1: Temps passé | C1: Reste à faire | D1: Avancement | E1: Total heures
A2: =SUM(Liste_des_taches!G2:G46) -> 1810 | B2: =SUM(Liste_des_taches!H2:H46) -> 0 | C2: =SUM(Liste_des_taches!I2:I46) -> 1810 | D2: =IF(A2>0,B2/A2,0) -> 0 | E2: =A2/60 -> 30.166667
A4: Dépassement | B4: =IF(B2>A2,(B2-A2)/A2,0) -> 0

Sheet Detail
A1: Ligne | B1: Total | C1: 16/02 | D1: 17/02
A2: 1 | B2: 0 | C2: 0 | D2: 0
A3: 2 | B3: 0 | C3: 0 | D3: 0
A4: 3 | B4: 0 | C4: 0 | D4: 0
A5: 4 | B5: 0 | C5: 0 | D5: 0
A6: 5 | B6: 0 | C6: 0 | D6: 0
A7: 6 | B7: 0 | C7: 0 | D7: 0
A8: 7 | B8: 0 | C8: 0 | D8: 0
A9: 8 | B9: 0 | C9: 0 | D9: 0
A10: 9 | B10: 0 | C10: 0 | D10: 0
A11: 10 | B11: 0 | C11: 0 | D11: 0
A12: 11 | B12: 0 | C12: 0 | D12: 0
A13: 12 | B13: 0 | C13: 0 | D13: 0
... A46: 45 | B46: 0 | C46: 0 | D46: 0

Sheet Recap
A1: Avancement | B1: Pourcentage
A2: Avancement | B2: =Avancement_projet!D2 -> 0
A4: Qui | B4: Somme de Estimation
A5: Kenny | B5: =SUMIF(Liste_des_taches!K:K,"RAKOTO",Liste_des_taches!G:G) -> 135
A6: Maeva | B6: =SUMIF(Liste_des_taches!K:K,"RASOA",Liste_des_taches!G:G) -> 80
A7: Ny aina | B7: 100
A8: Total | B8: =SUM(B5:B7) -> 315
